PID,Product Name,Packet Size,PackSize
839,INDIAN CHEF PANEER 5KG*****,FRESH PANEER,1
3306,NVF PANEER - 5KG X 1,NOFPANEER,1
3496,HARDIN MANGO NECTAR - HAR 2.1L X 6,HADIN JUICES,6
3497,HARDIN GUAVA NECTAR (PINK) - HAR 2.1L X 6,HADIN JUICES,6
3498,HARDIN MIXED FRUIT NECTAR - HAR 2.1L X 6,HADIN JUICES,6
558,MATTA RICE - INDIAN CHEF 10KG X 1,RICE MATTA,1
1253,MATTA RICE - INDIAN CHEF 10KG X 1,RICE MATTA,1
3456,POHA MEDIUM WHITE - NTY 500G. X 20,NITYA - POHA,20
3457,POHA THIN WHITE - NTY 400G. X 20,NITYA - POHA,20
3458,PUFFED RICE - NTY 400G. X 20,NITYA - PUFFED RICE,20
3483,JAGGERY POWDER - NTY 750G. X 12,NITYA - COMMODITIES,12
3459,BESAN -NTY 750G. X 16,NITYA - FLOUR,16
3397,TAMARIND DESEEDED - NTY 200G. X 15,NITYA - COMMODITIES,15
3346,GRATED COCONUT - NTY 400G. X 24,NITYA - FROZEN VEGETABLES,24
3347,TAPIOCA SLICED - NTY 900G. X 14,NITYA - FROZEN VEGETABLES,14
3348,TAPIOCA WHOLE - NTY 900G. X 15,NITYA - FROZEN VEGETABLES,15
3399,PEARL MILLETS -NTY 1KG. X 20,NITYA - MILLETS,20
3482,NITYA SESAME  OIL - NTY  1LTR. X 12,NITYA - EDIBLE OILS,12
3485,NITYA COCONUT OIL - NTY 900ML. X 12,NITYA - EDIBLE OILS,12
3493,NITYA MUSTARD OIL - NTY 1LTR. X 12,NITYA - EDIBLE OILS,12
3494,NITYA GROUNDNUT OIL - NITYA 1LTR. X 12,NITYA - EDIBLE OILS,12
3357,MALABAR PAROTTA - NTY 350G. X 24,NITYA - FRZN PARATHA,24
3358,WHEAT PAROTTA - NTY 350G. X 24,NITYA - FRZN PARATHA,24
3486,PAPAD PLAIN - 4 INCHES - NTY 200G. X 5,NITYA - PAPAD,5
3460,MOONG DAL SPLIT YELLOW - NTY 2KG. X 8,NITYA - PULSES,8
3461,MOONG DAL SPLIT YELLOW - NTY 1KG. X 16,NITYA - PULSES,16
3462,TOOR DAL - NTY 2KG. X 8,NITYA - PULSES,8
3463,TOOR DAL - NTY 1KG. X 16,NITYA - PULSES,16
3464,URAD DAL SPLIT - NTY 2KG. X 8,NITYA - PULSES,8
3465,URAD DAL SPLIT - NTY 1KG. X 16,NITYA - PULSES,16
3466,URAD DAL GOTA - NTY 2KG. X 8,NITYA - PULSES,8
3467,URAD DAL GOTA - NTY 1KG. X 16,NITYA - PULSES,16
3468,MASOOR DAL SPLIT - NTY 2KG. X 8,NITYA - PULSES,8
3469,MASOOR DAL SPLIT - NTY 1KG. X 16,NITYA - PULSES,16
3470,KABULI CHANA - NTY 2KG. X 8,NITYA - PULSES,8
3471,KABULI CHANA - NTY 1KG. X 16,NITYA - PULSES,16
3472,CHANA DAL - NTY 2KG. X 8,NITYA - PULSES,8
3473,CHANA DAL - NTY 1KG. X 16,NITYA - PULSES,16
3474,KALA CHANA - NTY 1KG. X 16,NITYA - PULSES,16
3475,BLACK EYE BEANS - NTY 1KG. X 16,NITYA - PULSES,16
3476,RED KIDNEY BEANS - NTY 1KG. X 16,NITYA - PULSES,16
3030,SONA MASOORI RICE - NTY 5KG. X 4,NITYA SONAMASOORI,4
3031,SONA MASOORI RICE - NTY 10KG. X 2,NITYA SONAMASOORI,2
3032,SONA MASOORI RICE - NTY 20KG. X 1,NITYA SONAMASOORI,1
3382,SONA MASOORI RICE - NTY 250G. X 80,NITYA SONAMASOORI,80
3361,BROWN SONA MASOORI RICE - NTY 1KG. X 20 ,NITYA SONAMASOORI,20
3362,KOLAM RICE - NTY 10KG. X 2,NITYA KOLAM RICE,2
3384,IDLY RICE - NTY 5KG. X 4,NITYA IDLY RICE,4
3363,IDLY RICE - NTY 10KG. X 2,NITYA IDLY RICE,2
3365,IDLI RAVA - NTY 1KG. X 16,NITYA - RAVA,16
3325,BANANA CHIPS - NTY 170G. X 10,NITYA SNACK,10
3326,RICE MURUKKU - NTY 170G. X 10,NITYA SNACK,10
3327,EXTRA HOT MIXTURE - NTY 170G. X 10,NITYA SNACK,10
3328,BOMBAY MIXTURE - NTY 170G. X 10,NITYA SNACK,10
3332,KERALA MIXTURE - NTY 170G. X 10,NITYA SNACK,10
2727,S BASMATHI RICE 10 KG X 2,SAHELI BASMATHI RICE,2
1580,HALDIRAM'S KAJU KATLI - 300G,HR UK SWEETS,1
1579,HALDIRAM'S MOTICHOOR LADOO - 300G X 1,HR UK SWEETS,1
1,ALL IN ONE - HR 200G. X 10,HR SNACK,10
2,ALOO BHUJIA  - HR 200G. X 10,HR SNACK,10
7,BHELPURI - HR 200G. X 10,HR SNACK,10
705,BHELPURI WITH CHUTNEY - HR 200G. X 10,HR SNACK,10
8,BHUJIA - HR 200G. X 10,HR SNACK,10
9,BHUJIA PLAIN - HR 200G. X 10,HR SNACK,10
10,BOMBAY MIXTURE - HR 200G. X 10,HR SNACK,10
1257,RATLAMI MIXTURE- HR 200G. X 10,HR SNACK,10
3334,ORIGINAL BOMBAY MIXTURE - HR 200G. X 6,HR SNACK,6
3335,SPICY BOMBAY MIX - HR 200G. X 6,HR SNACK,6
3336,NUTS & RAISINS BOMBAY MIXTURE - HR 200G. X 6,HR SNACK,6
3337,PUNJABI MIXTURE - HR 280G. X 10,HR SNACK,10
11,BOONDI MASALA - HR 200G. X 10,HR SNACK,10
12,BOONDI PLAIN - HR 200G. X 10,HR SNACK,10
13,CASHEW MIXTURE  - HR 200G. X 10,HR SNACK,10
14,CHAI PURI - HR 200G. X 10,HR SNACK,10
15,CHAKOLI - HR 200G. X 10,HR SNACK,10
17,CHANA DAL - HR 200G. X 10,HR SNACK,10
18,CHANA JOR GARAM - HR 200G. X 10,HR SNACK,10
19,CHILLI CHATAK LACHHA - HR 200G. X 5,HR SNACK,5
20,CORNFLAKES MIX - HR 200G. X 10,HR SNACK,10
21,DAL BIJI - HR 200G. X 10,HR SNACK,10
26,GHATIA - HR 200G. X 5,HR SNACK,5
27,GUJRATI MIXTURE - HR 200G. X 10,HR SNACK,10
28,GUPSHUP - HR 200G. X 10,HR SNACK,10
31,KACHORI - HR 200G. X 10,HR SNACK,10
33,KASHMIRI MIXTURE - HR 200G. X 10,HR SNACK,10
34,KHATTA MEETHA - HR 200G. X 10,HR SNACK,10
35,LONG SEV - HR 200G. X 10,HR SNACK,10
37,MATHRI - HR 200G. X 10,HR SNACK,10
38,METHI SEV - HR 200G. X 10,HR SNACK,10
39,MINI BHAKAR BADI - HR 200G. X 10,HR SNACK,10
40,MINT LACHHA - HR 200G. X 5,HR SNACK,5
41,MOONG DAL - HR 200G. X 10,HR SNACK,10
42,MOONG DAL MASALA - HR 200G. X 10,HR SNACK,10
43,MURRUKU - HR 200G. X 10,HR SNACK,10
44,NAVRATTAN - HR 200G. X 10,HR SNACK,10
45,NIMBU MASALA - HR 200G. X 10,HR SNACK,10
46,NUT CRACKER - HR 200G. X 10,HR SNACK,10
47,PANCHRATTAN - HR 200G. X 10,HR SNACK,10
48,PUNJABI TADKA - HR 200G. X 10,HR SNACK,10
49,SAMOSA - HR 200G. X 10,HR SNACK,10
50,SHAHI MIXTURE - HR 200G. X 10,HR SNACK,10
51,PANIPURI - HR 360G. X 12,HR SNACK,12
1291,CHAT PAPDI - HR 130G. X 24,HR SNACK,24
1432,SABJI PAKORA - IND 152G. X  8,HR SNACK,8
1433,GOLDEN MIXTURE - HR150G. X 12,HR SNACK,12
1437,DAKSHIN EXPRESS MULLU MURUKU  - HR180G. X 10,HR-DX SNACKS,10
1438,DAKSHIN EXPRESS KARA BOONDI - HR180G. X 10,HR-DX SNACKS,10
1439,DAKSHIN EXPRESS MADRAS MIXTURE  - HR180G. X 10,HR-DX SNACKS,10
1440,DAKSHIN EXPRESS KERELA MIXTURE - HR180G. X 10,HR-DX SNACKS,10
1443,DAKSHIN EXPRESS BUTTER MURUKU  - HR180G. X 10,HR-DX SNACKS,10
3112,BALTI MIXTURE - 280G. X 10,HR SNACK,10
2592,CHANACHUR - HR 200G. X10,HR SNACK,10
3271,MARWARI BHUJIA -HR 150G. X 8,HR SNACK,8
2593,CHATPATA MATTAR - HR 400G. X 6,HR SNACK,6
3114,ROASTED FOXNUTS SALT N PEPPER - HR 30G. X 10,HR SNACK,10
3113,ROASTED FOXNUTS SIMPLY SALTED - HR 30G. X 10,HR SNACK,10
3374,BHEL MIX SPICY - HR 400G. X 4,HR SNACK,4
3375,MALAI SEV - HR 340G. X 6,HR SNACK,6
3378,FARALI TEEKHA MEETHA  - HR 400G. X 6,HR SNACK,6
3376,FARALI MIX PLAIN - HR 400G. X 6,HR SNACK,6
3377,FARALI MIX PLAIN - HR 400G. X 6,HR SNACK,6
3379,MADRAS MURMURA MIX - HR 400G. X 5,HR SNACK,5
3481,SURTI MIX - HR 400G. X 5,HR SNACK,5
3166,BESAN LADOO CLASSIC  - HR 400G. X 20,HR SWEET,20
633,SOAN PAPDI CLASSIC - HR 250G. X 40,HR SWEET,40
440,DRY PETHA - HR 400G. X 20,HR SWEET,20
589,PATISA - HR 500G. X 20,HR SWEET,20
710,SOAN PAPDI CLASSIC - HR 500G. X 20,HR SWEET,20
65,RASGULLA - HR 1KG. X 12,HR- UK TIN SWEETS,12
66,GULABJAMUN - HR 1KG. X 12,HR- UK TIN SWEETS,12
70,RASMALAI - HR 1KG. X 12,HR- UK TIN SWEETS,12
92,ALOO MUTTER B1G1 - HR 300G. X 10,HR - RTE,10
94,CHOLEY B1G1- HR 300G. X 10,HR - RTE,10
95,DAL MAKHANI B1G1- HR 300G. X 10,HR - RTE,10
96,PALAK PANEER B1G1 - HR 300G. X 10,HR - RTE,10
97,PANEER MAKHANI B1 G1- HR 300G. X 10,HR - RTE,10
102,MUTTER PANEER B1G1 - HR 300G. X 10,HR - RTE,10
104,PAO BHAJI B1G1- HR 300G. X 10,HR - RTE,10
106,YELLOW DAL TADKA B1G1 - HR 300G. X 10,HR - RTE,10
1204,VEG PULAV - HR 200G. X 10,HR - RTE,10
1216,VEG PULAV - HR 200G. X 10,HR - RTE,10
508,JEERA KHARI - HR 200G. X 24,HR PUFF,24
556,MASALA KHARI - HR 200G. X 24,HR PUFF,24
562,METHI KHARI - HR 200G. X 24,HR PUFF,24
595,PLAIN KHARI - HR 200G. X 24,HR PUFF,24
1289,GOL MATHI - HR 200G. X 24,HR MATHI,24
1409,ALOO ACHARI PARATHA - HRF 400G. X 20,HRF - PARATA,20
109,ALOO PARATHA - HRF 400G. X 20,HRF - PARATA,20
1330,ALOO GOBHI PARATHA - HRF 400G. X 20,HRF - NAAN,20
3272,ALOO PYAZ PARATHA - HRF 400G. X 20,HRF - PARATA,20
940,ALOO KULCHA - HRF 320G. X 24,HRF - NAAN,24
111,GOBHI PARATHA - HRF 400G. X 20,HRF - PARATA,20
112,HOME STYLE PARATHA - HRF 360G. X 24,HRF - PARATA,24
114,METHI PARATHA - HRF 360G./ 300G. X 24,HRF - PARATA,24
115,MIX VEG PARATHA - HRF 400G. X 20,HRF - PARATA,20
116,MULI PARATHA - HRF 400G. X 20,HRF - PARATA,20
120,PHULKA ROTI - HRF 360G. X 24,HRF - PARATA,24
122,TANDOORI GARLIC NAAN - HRF 400G. X 20,HRF - NAAN,20
123,TANDOORI  NAAN - HRF 400G. X 20,HRF - NAAN,20
715,ONION PARATHA - HRF  400G. X 20,HRF - PARATA,20
3367,PP KEEMA PARATHA - HRF 400G. X 8,HRF - PARATA,20
1271,ALOO PARATHA V.P.-HRF 1600G. X  8,HRF - PARATA,8
136,ALOO TIKKI - HRF 1.6KG. X 6,HRF - SNACK,6
137,HOME STYLE PARATHA V.P  - HRF 1.2KG. X 8,HRF - PARATA,8
594,PHULKA ROTI V.P. - HRF 900G. X 8,HRF - PARATA,8
139,TANDOORI GARLIC NAAN V.P - HRF 1.2 / 1.28 KG. X 8,HRF - NAAN,8
140,TANDOORI  NAAN V.P. - HRF 1.2 / 1.28  KG. X 8,HRF - NAAN,8
125,ALOO TIKKI - HRF 420G. X 20,HRF - SNACK,20
931,SABUDANA TIKKI - HRF 320G. X 12,HRF - SNACK,12
126,COCKTAIL SAMOSA - HRF 650G. X 12,HRF - SNACK,12
141,COCKTAIL SAMOSA V.P- HRF 1.4KG. X 8,HRF - SNACK,8
127,DALKACHORI - HRF 420G. X 20,HRF - SNACK,20
3323,ONION  KACHORI - HRF 400G. X 20,HRF - SNACK,20
1362,KHAMAN DHOKLA - HRF 256G X 20,HRF - SNACK,20
130,MUTTER KACHORI - HRF 420G. X 20,HRF - SNACK,20
131,ONION BHAJI - HRF 283G. X 12,HRF - SNACK,12
932,SPINACH PAKODA  - HRF 283G. X  12,HRF - SNACK,12
133,PUNJABI SAMOSA - HRF 650G. X 12,HRF - SNACK,12
600,PUNJABI SAMOSA V.P - HRF 1.4KG. X 8,HRF - SNACK,8
1202,RESTAURANT PACK PUNJABI SAMOSA V.P - HRF 1.75KG. X 6,HRF - SNACK,6
3322,POTATO PEAS SAMOSA - HRF 520G. X 10,HRF - SNACK,10
3504,POTATO PEAS SAMOSA - HRF 1KG. X 8,HRF - SNACK,8
3324,MANCHURIAN BALLS - HRF 1KG. X 8,HRF - SNACK,8
3368,PP KEEMA WRAP - HRF 156G. X 3.74,HRF - SNACK,24
3369,BREAD PAKODA - HRF 380G. X 7.60,HRF - SNACK,20
3370,MOONG DAL PAKODI - HRF 390G. X 4.68,HRF - SNACK,12
3371,RAGDA BITES - HRF 360G. X 4.32,HRF - SNACK,12
3372,CORN CUTLET - HRF 340G. X 4.08,HRF - SNACK,12
3373,RAILWAY CUTLET - HRF 360G. X 4.32,HRF - SNACK,12
3385,PP-CLASSIC BURGER PATTY - HRF 300G. X 12,HRF - SNACK,12
3386,PP-CHICKPEA PATTY - HRF 300G. X 12,HRF - SNACK,12
3387,PP-TANDOORI PATTY - HRF 300G. X 12,HRF - SNACK,12
3388,PP-GOLDEN NUGGETS - HRF 240G. X 12,HRF - SNACK,12
3389,CLASSIC ALOO PATTIES - HRF 360G. X 18,HRF - SNACK,18
937,VEG SHAMI KEBAB - HRF 300G. X 12,HRFKEBAB,12
3321,DAL PALAK KEBAB - HRF 300G. X 12,HRFKEBAB,12
3390,PP-RESHAMI SEEKH KEBAB - HRF 280G. X 12,HRF - SNACK,12
3506,BEETROOT KEBAB - HRF 300G. X 12,HRFKEBAB,12
160,DAL MAKHANI - HRF 283G. X 12,HRF - CURRY,12
3036,DAL MAKHANI - HRF 1KG. X 8,HRF - CURRY,8
162,PUNJABI CHOLEY - HRF 283G. X 12,HRF - CURRY,12
163,PUNJABI SARSON DA SAAG - HRF 283G. X 12,HRF - CURRY,12
172,RAJMA RASEELA - HRF 283G. X 12,HRF - CURRY,12
3038,PANEER TIKKA MASALA - HRF 1KG. X 8,HRF - CURRY,8
3037,BAINGAN BHARTA - HRF 1KG. X 8,HRF - CURRY,8
3186,BHINDI MASALA - HRF 283G. X 12,HRF - CURRY,12
154,MEDU VADA - HRF 900G. X 8,HRF-BF,8
517,KAJU KATLI - HRF 340G. X 12,HRF SWEET,12
188,AMLA WITH OUT GARLIC PICKLE - PR 300G. X 6,PR - PICKLE,6
189,BITTER GOURD WITH OUT GARLIC PICKLE -  PR 300G. X  6,PR - PICKLE,6
190,BRINJAL WITH OUT GARLIC PICKLE -  PR 300G. X 6,PR - PICKLE,6
191,CITRON WITH OUT GARLIC PICKLE -  PR 300G. X 6,PR - PICKLE,6
192,CORIANDER WITH OUT GARLIC PICKLE -  PR 300G. X 6,PR - PICKLE,6
193,CUT MANGO WITH OUT GARLIC PICKLE -  PR 300G. X 6,PR - PICKLE,6
195,GINGER WITH OUT GARLIC  PICKLE-  PR 300G. X 6,PR - PICKLE,6
196,GONGURA ONION WITH OUT GARLIC PICKLE -  PR 300G. X 6,PR - PICKLE,6
478,GONGURA + RED CHILLI WITH OUT GARLIC PICKLE -  PR 300G. X 6,PR - PICKLE,6
197,GONGURA WITH OUT GARLIC PICKLE - PR 300G. X 6,PR - PICKLE,6
198,GREEN CHILLI (SLICED) WITH OUT GARLIC PICKLE - PR 300G. X 6,PR - PICKLE,6
538,LIME GINGER WITH OUT GARLIC PICKLE -  PR 300G. X 6,PR - PICKLE,6
200,MANGO GINGER WITH OUT GARLIC PICKLE -  PR 300G. X 6,PR - PICKLE,6
201,MANGO THOKKU WITH OUT GARLIC PICKLE -  PR 300G. X 6,PR - PICKLE,6
202,MANGO WITH OUT GARLIC PICKLE -  PR 300G. X 6,PR - PICKLE,6
203,MIXED VEGETABLE WITH OUT GARLIC PICKLE -  PR 300G. X 6,PR - PICKLE,6
204,ONION PICKLE-  PR 300G. X 6,PR - PICKLE,6
205,RED CHILLI WITH OUT GARLIC PICKLE -  PR 300G. X 6,PR - PICKLE,6
638,SWEET GARLIC PICKLE -  PR 300G. X  6,PR - PICKLE,6
639,SWEET GINGER PICKLE -  PR 300G. X 6,PR - PICKLE,6
206,SWEET MANGO CHUTNEY -  PR 340G. X  6,PR - PICKLE,6
207,TOMATO WITH OUT GARLIC PICKLE-  PR 300G. X  6,PR - PICKLE,6
1396,TENDER MANGO IN BRINE PICKLE - PR 300G. X 6,PR - PICKLE,6
721,EXTRA HOT LIME PICKLE - PR 300G. X 6,PR - PICKLE,6
817,EXTRA HOT MIXVEG  PICKLE - PR 300G X 6,PR - PICKLE,6
838,LIME IN JUICE PICKLE - PR 300G. X 6,PR - PICKLE,6
3290,MINT (PUDINA) PICKLE WITHOUT GARLIC - PR 300G. X 6,PR - PICKLE,6
208,GINGER GARLIC PASTE -  PR 300G. X 6,PR - CULINARY PASTE,6
469,GINGER PASTE -  PR 300G. X 6,PR - CULINARY PASTE,6
209,GREEN CHILLI PASTE -  PR 300G. X  6,PR - CULINARY PASTE,6
210,RED CHILLI PASTE -  PR 300G. X 6,PR - CULINARY PASTE,6
211,PULIHORA PASTE -  PR 300G. X 6,PR - CULINARY PASTE,6
213,GINGER GARLIC PASTE-  PR 1KG.  X 6,PR - CULINARY PASTE,6
214,BIRYANI MASALA PASTE -  PR 300G. X 6,PR - MASALA PASTE,6
215,NON-VEG CURRY MASALA PASTE -  PR 300G. X 6,PR - MASALA PASTE,6
3291,ROSELLE LEAVES PASTE - PR 300G. X 6,PR - CULINARY PASTE,6
217,RASAM POWDER -  PR 100G. X 6,PR-MASALA POWDER,6
1371,ANDHRA CHICKEN MASALA POWDER - PR 50G. X 6,PR-MASALA POWDER,6
1373,BUTTER CHICKEN MASALA POWDER - PR 50G. X 6,PR-MASALA POWDER,6
1375,CHICKEN CHETTINAAD MASALA POWDER - PR 50G. X 6,PR-MASALA POWDER,6
1377,COUNTRY CHICKEN MASALA POWDER - PR 50G. X 6,PR-MASALA POWDER,6
1382,HYDERABADI CHICKEN BIRYANI MASALA - PR 50G. X 6,PR-MASALA POWDER,6
1388,KULAMBU MASALA POWDER - PR 50G. X 6,PR-MASALA POWDER,6
1392,PRAWN/SHRIMP MASALA POWDER - PR 50G. X 6,PR-MASALA POWDER,6
1395,TANDOORI CHICKEN MASALA POWDER - PR 50G. X 6,PR-MASALA POWDER,6
221,DOSA MIX - PR 200G. X 10,PR - INST MIXES,10
222,GULAB JAMUN MIX - PR 200G. X 10,PR - INST MIXES,10
223,IDLI MIX - PR 200G. X 10,PR - INST MIXES,10
684,JILEBI MIX - PR 200G. X 10,PR - INST MIXES,10
234,RAVA IDLI MIX - PR 500G. X 24,PR - INST MIXES,24
692,IDLI RAVVA - PR 1KG X  20,PR - RAVA,20
693,BOMBAY RAVVA - PR 1KG X 20,PR - RAVA,20
3292,BOTTLE GUARD CHUTNEY  - PR 100G. X 12,PR - CHUTNEY,12
3293,BRINJAL EGGPLANT CHUTNEY - PR 100G. X 12,PR - CHUTNEY,12
3294,CUCUMBER CHUTNEY - PR 100G. X 12,PR - CHUTNEY,12
3295,IVY GUARD CHUTNEY - PR 100G. X 12,PR - CHUTNEY,12
3296,RIDGE GUARD CHUTNEY - PR 100G. X 12,PR - CHUTNEY,12
3297,TOMATO GINGER CHUTNEY - PR 100G. X 12,PR - CHUTNEY,12
3298,TOMATO ONION CHUTNEY - PR 100G. X 12,PR - CHUTNEY,12
3299,QUICK UPMA - PR 80G. X 12,PR - POHA  AND UPMA,12
3300,QUICK POHA - PR 80G. X 12,PR - POHA  AND UPMA,12
3301,QUICK MILLET POHA - PR 80G. X 12,PR - POHA  AND UPMA,12
3302,QUICK PULIHORA POHA - PR 80G. X 12,PR - POHA  AND UPMA,12
3303,QUICK MILLET UPMA - PR 65G. X 12,PR - POHA  AND UPMA,12
585,PARLE-G - IND 79.9G. X 144,PARLE BISCUITS,144
1243,PARLE-G BIG - IND 799G. X 14,PARLE BISCUITS,14
530,KRACKJACK - IND 60G. X 48,PARLE BISCUITS,48
1361,KRACKJACK  - IND 264.4G X 24,PARLE BISCUITS,24
566,MONACO SALTY - IND 63.3G. X 50,PARLE BISCUITS,50
1502,MONACO - IND 261G X 24,PARLE BISCUITS,24
488,HIDE & SEEK  REG CHOCO - IND 82.5G. X 60,PARLE BISCUITS,60
492,HIDE & SEEK FAB ORANGE - IND 112G. X 60,PARLE BISCUITS,60
493,HIDE & SEEK FAB STRAWBERRY - IND 112G. X 60,PARLE BISCUITS,60
494,HIDE & SEEK FAB VANILLA - IND 112G. X 60,PARLE BISCUITS,60
490,HIDE & SEEK FAB BOURBON - IND 150G. X 30,PARLE BISCUITS,30
1315,HIDE & SEEK BOURBON 70G. X 60,PARLE BISCUITS,60
586,PARLE-G RUSK - IND 200G. X 36,PARLE BISCUITS,36
587,PARLE-G RUSK - IND 600G. X 12,PARLE BISCUITS,12
1509,KACHHA MANGO BITE - IND 291.5G X 20,PARLE CANDY,20
2807,AACHI RAVA DOSA MIX -ACH 200G.X 1 (B1G1),AACHI  - INST MIX,1
2810,AACHI JELABI MIX -ACH 200G.X 1 (B1G1),AACHI  - INST MIX,1
2813,AACHI RICE DOSA MIX -ACH 200G.X 1 (B1G1),AACHI  - INST MIX,1
2814,AACHI MURUKKU MIX -ACH 200G.X 1 (B1G1),AACHI  - INST MIX,1
2816,AACHI MASALA VADA MIX -ACH 200G.X 1 (B1G1),AACHI  - INST MIX,1
2818,AACHI PAL ADA PAYASAM MIX -ACH 200G.X 1 (B1G1),AACHI  - INST MIX,1
2884,AACHI MUTTON CURRY MASALA - ACH 250G. X 1,AACHI MASALA,1
2641,AACHI FISH CURRY MASALA -ACH 50G. X 12,AACHI MASALA,12
2642,AACHI CHICKEN 65 MASALA -ACH 50G. X 12,AACHI MASALA,12
2887,AACHI CHICKEN 65 MASALA - ACH 250G. X 1,AACHI MASALA,1
2644,AACHI FISH FRY MASALA -ACH 50G. X 12,AACHI MASALA,12
2888,AACHI FISH FRY MASALA - ACH 250G. X 1,AACHI MASALA,1
2652,AACHI LEMON RICE POWDER -ACH 50G. X 12,AACHI MASALA,12
2892,AACHI LEMON RICE POWDER -ACH 200G. X 1,AACHI MASALA,1
2899,AACHI CHICKEN MANCHURIAN MASALA - ACH 200G. X 1,AACHI MASALA,1
2900,AACHI CHICKEN THIKKA MASALA - ACH 200G. X 1,AACHI MASALA,1
2911,AACHI PANI PURI MASALA - ACH 200G. X 1,AACHI MASALA,1
2912,AACHI PAV BHAJI MASALA - ACH 200G. X 1,AACHI MASALA,1
3017,AACHI PAV BHAJI MASALA - ACH 50G. X 12,AACHI MASALA,12
3018,AACHI BIRYANI MASALA - ACH 200/250G. X 1,AACHI MASALA,1
2902,AACHI PRAWN CURRY MASALA - ACH 200G. X 1,AACHI MASALA,1
3021,AACHI TANDOORI CHICKEN MASALA - ACH 200G. X 1,AACHI MASALA,1
3023,AACHI RED CHILLI WHOLE - ACH 500G. X 1,AACHI MASALA,1
3268,AACHI CURRY MASALA (EXTRA HOT) - ACH 50G. X 12,AACHI MASALA,12
2682,AACHI BAJRA MILLET -ACH 1KG. X 1,AACHI MILLETS,1
2684,AACHI FOXTAIL MILLET -ACH 1KG. X 1,AACHI MILLETS,1
2660,AACHI MIXED VEG. PICKLE -ACH 300G. X 1,AACHI PICKLE,1
3026,AACHI RAGI FLOUR (SPROUTED) - ACH 1KG. X 1,AACHI RAGI FLOUR,1
1284,HORLICKS JAR - TRS  500G. X 6,HORLICKS,1
3400,BAJAJ ALMOND DROPS HAIR OIL - BAJ 100ML. X 10,BAJAJ HAIR OILS,10
3401,BAJAJ ALMOND DROPS HAIR OIL - BAJ 200ML. X 1,BAJAJ HAIR OILS,1
3404,ALMOND DROPS SOAP - BAJ 100GM. X 12,BAJAJ SOAPS,12
1195,S CUT VERMICELLI - BOM 875G. X 12,BOM-VERMICELLI,12
1241,S CUT VERMICELLI - BOM 400 X 24,BOM-VERMICELLI,24
1288,ROASTED VERMICELLI - BOM - 900G. X 14,BOM-VERMICELLI,14
3406,BAMBINO ROASTED VERMICELL - BAM 350G. X 1,BOM-VERMICELLI,1
3455,SAMBAR POWDER - BRM 100G. X 10,BRAHMINS - POWDERS,10
2760,CHINGS SCHEZWAN NOODLES - IND 240G X 36,CHG - NOODLES,36
2761,CHINGS - MANCHURIAN NOODLES - IND 240G X 36,CHG - NOODLES,36
795,CHINGS - VEG HAKKA NOODLES  - IND 150G. X 30,CHG - NOODLES,60
796,CHINGS - EGG HAKKA NOODLES  - IND 150G. X 30,CHG - NOODLES,60
2628,CHINGS SINGAPORE CURRY NOODLES - IND 240 X 36,CHG - NOODLES,36
2771,CHINGS - INSTANT MANCHURIAN NOODLES - IND 60G. X 96,CHG - NOODLES,96
2772,CHINGS - INSTANT SCHEZWAN NOODLES - IND 60G. X 96,CHG - NOODLES,96
1520,DABUR HAJMOLA REG (UK) 120 TAB,DABUR AYUR,12
1523,DABUR CHYAWANPRASH 250 GM,DABUR CHYAWAN PRASH,6
1524,DABUR CHYAWANPRASH 500 GM,DABUR CHYAWAN PRASH,6
1522,DABUR CHYAWANPRASH 1 KG,DABUR CHYAWAN PRASH,3
3394,VATIKA NATURALS ENRCH HO-OLIVE-300ML-UK,DABUR HAIR OIL,6
1534,DABUR HERBAL TOOTH PASTE - NEEM 100 ML,DABUR TOOTH PASTE,6
1535,DABUR HERBAL TOOTH PASTE - CLOVE 100 ML,DABUR TOOTH PASTE,6
3255,DABUR AYURVEDIC TOOTH PASTE 100ML-UK,DABUR TOOTH PASTE,6
3098,DABUR HERBAL TOOTH PASTE - BASIL100 ML,DABUR TOOTH PASTE,6
1172,DABUR RED PAST - IND 100G. X 12,DABUR TOOTH PASTE,12
428,DABUR MESWAK TOOTHPASTE - IND 100G. X 12,DABUR TOOTH PASTE,12
2750,DABUR INDIAN MUSTARD OIL 1000ML X 12,DABUR MUSTARD OIL,1
3503,DABUR HIMALAYAN SALT - DAB 1KG. X 1,DABUR SALT,1
3105,DABUR VATIKA GARLIC HAIR MASK MV 500G-UK,DABUR HAIR MASK,3
1560,VATIKA HENNA HAIR COLOR - RICH BLACK,DABUR HAIR COLOUR,6
1561,VATIKA HENNA H COLOURÂ€#JET BLACK 1 SET-,DABUR HAIR COLOUR,6
3110,VATIKA NATURALS HAIRMASK-VOLIVE-500GM-UK,DABUR SHAMPOO,3
3311,DABUR VATIKA NAT COCONUT MUTIVIT SHAMP 400ML - UK ,DABUR SHAMPOO,1
1563,DABUR AMLA HAIR OIL 100ML ( UK ),DABUR HAIR OIL,6
3097,DABUR AMLA HAIR OIL 200 ML,DABUR HAIR OIL,6
1565,DABUR AMLA HAIR OIL 300 ML,DABUR HAIR OIL,6
1569,DABUR AMLA JASMINE HAIR OIL 200 ML( UK ),DABUR HAIR OIL,6
3395,VATIKA NATURALS ENRCH HO-ALMOND-300ML-UK,DABUR HAIR OIL,6
3396,VATIKA NATURALS ENRCH HO-B.SEED-300M-UK,DABUR HAIR OIL,6
1574,VATIKA NATURALS ENRCH HO-CACTUS-200ML-UK,DABUR HAIR OIL,6
1576,DABUR VATIKA HAIR OIL 150 ML,DABUR HAIR OIL,6
1577,DABUR VATIKA HAIR OIL 300 ML,DABUR HAIR OIL,6
3101,DABUR VATIKA ENRICHED GARLIC H OIL MV 200ML-UK,DABUR HAIR OIL,6
3259,DABUR VATIKA HIBISCUS ENRICH H OIL MV 200ML-UK,DABUR HAIR OIL,6
3104,DABUR VATIKA EGGPROTEIN ENRI H OIL MV 200ML-UK,DABUR HAIR OIL,6
3102,DABUR VATIKA ENRICHED HAIR OIL CASTOR 200ML-UK,DABUR HAIR OIL,6
3116,COLOUR DIYAS - 12 X 24,DIA,12
2742,PILLSBURY CHAKKI FRESH ATTA  - 5KG.  X 4,PILLSBURY ATTA,4
2743,PILLSBURY CHAKKI FRESH ATTA  - 10KG.  X 2,PILLSBURY ATTA,2
373,BOURNVITA PPJAR - IND 500G. X 1,MALT MIX,1
381,BRU INSTANT - IND 100G. X 1,COFEE,1
444,ENO ORANGE - IND 100G. X 1,ACIDITY REGULATOR,1
445,ENO REGULAR - IND 100G. X 1,ACIDITY REGULATOR,1
3341,RED LBL - IND 1KG. X 1,TEA POWDER,1
640,TAJ MAHAL - IND 1KG. X 1,TEA POWDER,1
641,TAJ MAHAL - IND 500G. X 1,TEA POWDER,1
3225,LAXMI GANESH SARASWATI SINGLE DEEPAK IDOL GI-21,BRASS IDOLS,1
3228,GANESH PATTA WALL HANGING DHAL GI-38,BRASS IDOLS,1
3233,BIG TURTLE PLATE GI-71,BRASS IDOLS,1
3234,FLOWER SHAPE TURTLE PLATE GI-32,BRASS IDOLS,1
3235,GOLD PLATED TUTLE PLATE GI-73,BRASS IDOLS,1
647,TATA SALT - IND 1000G. X 25,SALT,25
3107,ADITHYA CRYSTAL SALT - IND 1000G. X 25 ,SALT,25
536,LG COMP ASAFOETIDA - IND 50G. X 20,BAKING,20
505,IDHAYAM SESAME OIL - IND 1000ML. X 1,IDHAYAM SESAME OIL,1
794,IDHAYAM SESAME OIL - IND 500 ML. X 1,IDHAYAM SESAME OIL,1
3305,PAVITHRAM SESAME OIL - IND 1LTR. X 12,PAVITHRAM SESAME OIL,12
498,HIMALAYA HONEY & CREAM SOAP,INDIAN SOAPS,1
1431,LIMCA CAN - IND 300ML X 24,CAN DRINK,24
3490,LIMCA PET BOTTLE IND - 250ML. X 28,CAN DRINK,28
644,TANG LEMON - IND 500G. X 1,DRINK MIX,1
3489,THUMS UP PET BOTTLE - IND 250ML. X 28,CAN DRINK,28
650,THUMS UP CAN  - IND 300ML.  X  24,CAN DRINK,24
457,FANTA CAN - IND 300ML. X 24,CAN DRINK,24
3491,FANTA PET BOTTLE IND - 250ML. X 28,CAN DRINK,28
461,FROOTI - IND 1000ML. X 12,FROTI,12
696,FROOTI - IND 200 ML. X 27,FROTI,27
3266,CYCLE BRAND SANDALUM - IND 20G. X 12,CYCLE AGAR,12
417,CYCLE BRAND TINT - IND 19G. X 12,CYCLE AGAR,12
416,CYCLE BRAND SUNGANDHA MALLIKA - IND 20G. X 12,CYCLE AGAR,12
482,GULISTAN 12 FLAT - IND 20G/28G. X 12,PADMINI AGAR,12
384,CHANDAN 12 FLAT - IND 28G. X 12,PADMINI AGAR,12
544,LYRICS 12 FLAT - IND 20G/28G. X 12,PADMINI AGAR,12
3060,PADMINI INTERNATIONAL-IND X 12,PADMINI AGAR,12
379,BRINDAVAN( 6 HEXA IN ONE) - IND… X 6,PADMINI AGAR,6
3263,BRINDAVAN 12 FLAT - 28G X 12,PADMINI AGAR,12
3138,DHOOP STICK LAVENDER - IND 20G. X 12,PADMINI AGAR,12
507,IDLY COOKER 6 PLATES - IND 1000G. X 1,IDLY COOK,1
1325,IDLY COOKER 4 PLATES - IND 1000G. X 1,IDLY COOK,1
439,DOSA TAWA - IND 500G. X 1,DOSA TAWA,1
1224,POOJA SET  29V - IND X 1,GENERAL ITEMS,1
2765,POOJA CAMPHOR - IND 20G. X 24,GENERAL ITEMS,24
1231,GREEN DISPO PLATES  - IND X 96,BUFFET PLATES,96
1358,BROOM STICKS -IND 500G. X 50,GENERAL ITEMS,1
3061,LORD GANESH CLAY IDOLS -IND 7 INCH X 1,GENERAL ITEMS,1
3062,LORD GANESH CLAY IDOLS-IND 10 INCH X 1,GENERAL ITEMS,1
3063,LORD GANESH CLAY IDOLS -IND 1FT X 1,GENERAL ITEMS,1
3132,DECORATIVE DIWALI DIYA - G-01 - IND. X 10,GENERAL ITEMS,1
3320,4 PCS CLAY DIYA SET WITHOUT WAX - IND,GENERAL ITEMS,1
3137,DECORATIVE CLAY DIYAS - IND,GENERAL ITEMS,12
3317,6 PCS CLAY DIYA SET WITHOUT WAX - IND,GENERAL ITEMS,1
3318,6 PCS CLAY DIYA SET WITHOUT WAX - IND,GENERAL ITEMS,1
3140,FLORA PLUS TABEL TOP WET GRINDER - IND,GENERAL ITEMS,1
548,MAGGI 2 MIN NOODLES MASALA - IND 70G. X 96,MAGGIE NOODLES,96
547,MAGGI 2 MIN NOODLES CHICKEN - IND 71G. X 96,MAGGIE NOODLES,96
546,MAGGI 2 MIN NOODLES - IND 420G. X 16,MAGGIE NOODLES,16
1356,MAGGI 2 MIN NOODLES - IND 560G.X 12,MAGGIE NOODLES,12
525,KK CC - IND 90G. X 10 (64),INDIA CHIPS,10
526,KK GRE CHUTNY R STYLE  - IND 90G/94G. X 10 (64),INDIA CHIPS,10
527,KK MASALA MUNCH - IND 85G/90G. X 10,INDIA CHIPS,10
533,LAYS CLASSIC SALTED -  IND 52G. X 10 (70),INDIA CHIPS,10
535,LAYS SPANISH TANGO TOMOTO -  IND 52G. X 10 (70),INDIA CHIPS,10
1221,CHANDRIKA  - IND 75G. X 1,INDIAN SOAPS,1
438,DETTOL SOAP BAR ORIGINAL (GREEN) - IND 75G. X 1,INDIAN SOAPS,1
592,PEARS O.C - IND 75G. X 1,INDIAN SOAPS,1
1267,PEARS SOFT & FRESH - IND 75G. X 1,INDIAN SOAPS,1
666,VIM BAR - IND 75G. X 1,DETERGENT,12
3066,PITAMBARI SHINING POWDER-IND 200GMS X 25,DETERGENT,1
1588,PARACHUTE ALOEVERA ENRICHED CN HAIR OIL - IND 150ML X 6,MARICO HAIR OIL,6
1585,PARACHUT C OIL FLIP TOP - IND 200ML. X 1,MARICO HAIR OIL,1
1586,PARACHUTE COCONUT OIL  JAR - IND 200ML X 1,MARICO HAIR OIL,1
583,PARACHUT C OIL FLIP TOP - IND 500ML. X 1,MARICO HAIR OIL,1
1405,PARACHUTE COCONUT OIL JAR - IND 500ML. X 1,MARICO HAIR OIL,1
1587,PARACHUTE COCONUT OIL JAR - IND 1LR. X 1,MARICO HAIR OIL,1
2936,BHELPURI CHUTNEY - MTH 370G. X 6,MOTHERS - CHUTNEY,6
2937,SAMOSA CHUTNEY - MTH 370G. X 6,MOTHERS - CHUTNEY,6
2939,TAMARIND DATE CHUTNEY - MTH 380G. X 6,MOTHERS - CHUTNEY,6
2940,CORRIANDER CHUTNEY - MTH 250G. X 6,MOTHERS - CHUTNEY,6
2941,MINT CHUTNEY - MTH 250G. X 6,MOTHERS - CHUTNEY,6
2920,TANDOORI PASTE - MTH 300G. X 6,MOTHERS - CULINARY PASTE,6
2961,ROGANJOSH PASTE - MTH 300G. X 6,MOTHERS - CULINARY PASTE,6
2962,TIKKA PASTE - MTH 300G. X 6,MOTHERS - CULINARY PASTE,6
2963,VINDALOO PASTE - MTH 300G. X 6,MOTHERS - CULINARY PASTE,6
3176,TAMARIND PASTE - MTH 320G. X 6,MOTHERS - CULINARY PASTE,6
2931,FRIED ONION - MTH 400G. X 24,MOTHERS - COOKING ESSENSIALS,24
2934,KASURI METHI - MTH 100G. X 48,MOTHERS - COOKING ESSENSIALS,48
3177,CHOLE MASALA - MTH 60G. X 8,MOTHERS - MASALA,8
3178,GARAM MASALA - MTH 50G. X 8,MOTHERS - MASALA,8
3179,PAV BHAJI  MASALA- MTH 75G. X 8,MOTHERS - MASALA,8
2921,MADRAS PAPPADUM - MTH 100G. X 100,MOTHERS - PAPAD,100
3180,JEERA PAPAD - MTH 200G. X 8,MOTHERS - PAPAD,8
2917,BENGAL CLUB MANGO CHUTNEY - MTH 340G. X 6,MOTHERS - PICKLE,6
2918,HOT MANGO CHUTNEY - MTH 340G. X 6,MOTHERS - PICKLE,6
2919,SWEET MANGO CHUTNEY - MTH 340G. X 6,MOTHERS - PICKLE,6
2929,STUFFED RED CHILI PICKLE - MTH 500G. X 6,MOTHERS - PICKLE,6
2943,MAHARASHTRA MANGO PICKLE - MTH 500G. X 6,MOTHERS - PICKLE,6
2945,ANDHRA AVAKAYA MANGO PICKLE - MTH 300G. X 6,MOTHERS - PICKLE,6
2948,ANDHRA GONGURA PICKLE - MTH 300G. X 6,MOTHERS - PICKLE,6
2949,ANDHRA GONGURA PICKLE WITH GARLIC - MTH 300G. X 6,MOTHERS - PICKLE,6
2953,GARLIC PICKLE (SIS) - MTH 300G. X 6,MOTHERS - PICKLE,6
2964,POHA - MTH 908G. X 12,MOTHERS - READY TO EAT,12
2965,HOT & SWEET SAUCE - MTH 500G. X 12,MOTHERS - SAUCE,12
2966,HOT GARLIC SAUCE - MTH 500G. X 12,MOTHERS - SAUCE,12
2967,SWEET CHILLI SAUCE - MTH 500G. X 12,MOTHERS - SAUCE,12
2612,PATANJALI BESAN (GRAM FLOUR) - PAT 1KG. X 12,PAT ATTA,12
2615,PATANJALI HING (ASAFETIDA) (BANDHANI) - PAT 25G. X 1,PAT HING,1
2616,RICE BRAN OIL [PHYSICALLY REFINED] (BOTTLE) - PAT 1KG. X 12,PAT EDABLE OIL,12
2617,MUSTARD OIL [FOR MASSAGE OIL (BOTTLE) - PAT 1KG. X 12,PAT EDABLE OIL,12
949,KESH KANTI- NATURAL HAIR CLENSER  - PAT 200ML. X 1,PAT SHAMPOO,1
2618,KESH KANTI HAIR CLEANSER (REETHA) - PAT 200G. X 1,PAT SHAMPOO,1
2781,PATANJALAI KESH KANTI HAIR CLEANSER - PAT 200ML. X 1,PAT SHAMPOO,1
953,PATANJALI HERBAL MEHANDI - PAT 100G. X 1,PAT MEHANDHI,1
2621,PATANJALI ALOEVERA GEL- PAT 150G. X 1,PAT FACE WASH,1
967,ALOEVERA SOAP - PAT 75G. X 1,PAT SOAPS,1
968,HALDI CHANDAN SOAP - PAT 75G. X 1,PAT SOAPS,1
3002,PATANJALI MOGRA BODY CLEANSER  PAT - 75G. X 1,PAT SOAPS,1
2783,PATANJALI HERBAL KAJAL PAT 3G. X 1,PAT KAJAL,1
2784,DIVYA BADAM ROGAN OIL - PAT 60G X 1,PAT HAIR OIL,1
2787,PATANJALI MULTANI MITTI(FULLER'S EARTH)BODY CLEANSER - PAT 75G. X 1,PAT SOAPS,1
3150,PATANJALI REJUVENATING TURMERIC SOAP - PAT 125G.X 1,PAT SOAPS,1
1469,PATANJALI DANT KANTI NATURAL POWER TOOTHPASTE - 150G. X 1,PAT TOOTH PASTE,1
2622,PATANJALI DANT KANTI ADVANCE POWER TOOTHPASTE - 150G. X 1,PAT TOOTH PASTE,1
3001,DANT KANT FRESH POWDER GEL - PAT 150G X 1,PAT TOOTH PASTE,1
2623,PATANJALI DANT KANTI SENSITIVE GEL TOOTHPASTE - 150G. X 1,PAT TOOTH PASTE,1
2627,PATANJALI DANT KANTI RED POWDER TOOTHPASTE - 150G. X 1,PAT TOOTH PASTE,1
2788,PATANJAL DANT KANTI KIDZ GEL TOOTH PASTE PAT- 150G. X 1,PAT TOOTH PASTE,1
3492,PATANJALI DANT KANTI FLOURIDE FREE TOOTHPASTE PAT - 100G. X 1,PAT TOOTH PASTE,1
2789,PATANJALI ALOE VER JUICE(PLAIN) - 1000ML. X 12,PAT DRINK N JUICE,1
2790,PATANJALI AMLA (INDIAN GOOSEBERRY) JUICE - 1000ML. X 12,PAT DRINK N JUICE,1
1516,PATANJALI GHEE  500 G,PATANJALI GHEE,1
1517,PATANJALI GHEE 1 KG,PATANJALI GHEE,1
3152,AASTHA AGARBATTI POOJA - PAT 20G. X 12,PAT AGAR BATHI,12
3153,AASTHA AGARBATTI LAVENDER - PAT 20G. X 12,PAT AGAR BATHI,12
3158,AASTHA AGARBATTI KASTURI - PAT 25G. X 24,PAT AGAR BATHI,24
3162,AASTHA CHANDAN TIKA - PAT 25G. X 12,PAT HOUSE HOLD,12
3163,AASTHA 25 GM CONE DHOOP - LOBAN - PAT X 24,PAT HOUSE HOLD,24
3164,AASTHA COTTON WICKS PLAIN - PAT 25G. X 1,PAT HOUSE HOLD,1
3165,AASTHA KALAWA - PAT  X 12,PAT HOUSE HOLD,12
2696,PIGEON INOX COOKER SS -PGN 5LTRS X 1,PIGEON - COOKER,1
2861,PIGEON INOX COOKER SS - PGN 3LTRS X 1,PIGEON - COOKER,1
3205,SUPER COOKER 5LTR OUT LID IB HA  - PGN X 1,PIGEON - COOKER,1
2694,PIGEON HANDY CHOPPER - IND X 1,PIGEON - GENERAL ,1
3203,HANDY CHOPPER L -650ML-M  - PGN X 1,PIGEON - GENERAL ,1
3173,PIGEON NON STICK MULTI TAWA 310 IND  -  X 1,PIGEON - GENERAL ,1
3191,NONSTICK CONCAVE TAWA280 - PGN X 1,PIGEON - GENERAL ,1
3200,STORM SERIES TAWA 280 IB - PGN X 1,PIGEON - GENERAL ,1
3201,STORM SERIES KADAI 200 IB - PGN X 1,PIGEON - GENERAL ,1
3202,STORM SERIES KADAI 300 IB - PGN X 1,PIGEON - GENERAL ,1
3193,NONSTICK KADAI300 - PGN X 1,PIGEON - GENERAL ,1
2697,PIGEON MIXER GRINDER ESPECIAL - IND X 1,PIGEON - GENERAL ,1
3171,PIGEON NON STICK FRY PAN 220 IND  -  X 1,PIGEON - PAN,1
3172,PIGEON STORM SERIES FRY PAN 260 IB IND  -  X 1,PIGEON - PAN,1
3219,PIGEON NON STICK FRY PAN 280 IND  -  X 1,PIGEON - PAN,1
3196,NON STICK GRAVY POT 6 LTR - PGN X 1,PIGEON - POT,1
3118,DIYA SMALL - 12 X 12,DIA,12
3119,DIYA LARGE - 15 X 12,DIA,15
3273,ROOH AFZA BOTTEL - 800ML X 12,ROOH AFZA_DRINKS,12
3068,ROYAL ELAICHI UNSWEETENED - RYL180G. X 4,RYL TEA POWDER,4
3070,ROYAL GINGER UNSWEETENED - RYL180G. X 4,RYL TEA POWDER,4
3072,ROYAL KARAK UNSWEETENED - RYL140G.X 4,RYL TEA POWDER,4
3074,ROYAL MASALA UNSWEETENED - RYL180G. X 4,RYL TEA POWDER,4
3080,ROYAL TURMERIC UNSWEETENED - RYL140G.X 4,RYL TEA POWDER,4
3081,ROYAL TURMERIC SWEETENED - RYL200G.X 4,RYL TEA POWDER,4
3501,ROYAL COFFEE MASALA UNSWEETENED - RYL 140G. X 5,ROYAL COFFEE,5
3274,WB PREMIUM LEAF TEA PET JAR - WB 1 KG. X 1 (6),WB TEA POWDER,1
3275,WB PREMIUM LEAF TEA PET JAR - WB 450G. X 1 (12),WB TEA POWDER,1
3342,WB PREMIUM LEAF TEA PET JAR - WB 225G. X 1,WB TEA POWDER,1
3276,WB MASALA TEA PET JAR - WB 250/300G. X 1 (20),WB TEA POWDER,1
3277, WB MASALA CHAI STAPLE FREE TEA BAGS - WB 200G. X 1 (16),WB TEA POWDER,1
3477,WB MASALA CHAI STAPLE FREE TEA BAGS - WB 200G. X 1 (16) OFFER,WB TEA POWDER,1
1499,WB GINGER TEA BAG - WB 200G. X 1,WB TEA POWDER,1
1500,WB CARDAMOM TEA BAGS - WB 200G. X 1,WB TEA POWDER,1
3478,WB PREMIUM STAPLE FREE TEA BAGS - WB 200G. X 1 (16) OFFER,WB TEA POWDER,1
3479,WB PREMIUM TEA BAGS CLASSIC- 40 TEA BAGS - WB 116G. X 1 OFFER,WB TEA POWDER,1
3480,WB PREMIUM TEA BAGS CLASSIC-80 TEA BAGS - WB 232G. X 1 OFFER,WB TEA POWDER,1
3279,WB PREMIUM TEA BAGS CLASSIC- 300 TEA BAGS - WB 870G. X 1,WB TEA POWDER,1
2733,WB JASMINE 25 TEA BAGS - WB 37.5G. X 1,WB TEA POWDER,1
2737,WB MASALA INSTANT PREMIX WITH EXTRACT OF TEA NDC - WB 140G. X 1,WB TEA POWDER,1
2738,WB GINGER INSTANT PREMIX WITH ETRACT OF TEA NDC - WB 140G. X 1,WB TEA POWDER,1
2739,WB CARDAMOM INSTANT PREMIX WITH EXTRACT OF TEA NDC - WB 140G. X 1,WB TEA POWDER,1
